Locality,Aggregate rating,restaurant_count
" ILD Trade Centre Mall, Sohna Road",3.05,2
"12th Square Building, Banjara Hills",4.3,1
"A Hotel, Gurdev Nagar",3.6,1
"ARSS Mall, Paschim Vihar",3.1,1
Aaya Nagar,0.0,1
"Abu Dhabi Mall, Tourist Club Area  (Al Zahiyah)",4.6,2
Abu Shagara,3.93,3
"Acropolis Mall, Kasba ",4.4,2
Adajan Gam,3.93,3
Adchini,3.29,13
Addition Hills,4.2,1
"Aditya Mega Mall, Karkardooma",3.28,4
Adyar,4.2,1
Aerocity,1.6,4
Aggar Nagar,3.5,1
"Aggarwal City Mall, Pitampura",3.03,3
"Aggarwal City Plaza, Rohini",3.04,5
Agra Cantt,3.67,3
Ain Khalid,3.4,1
Akashwani,3.6,1
Al Barari,3.9,1
Al Dhafrah,4.35,2
Al Doha Al Jadeeda,3.4,1
"Al Emadi Financial Square, Al Hilal",4.6,1
Al Ghanim,4.0,1
Al Hilal,4.2,1
Al Karama,4.2,2
Al Khan,4.3,1
Al Majaz,4.03,3
Al Mareija,4.15,2
Al Muntazah,3.8,1
Al Mushrif,4.2,1
Al Nahda,3.3,2
Al Nasr,3.8,1
Al Nud,4.2,1
"Al Qasba, Al Khan",4.2,1
"Al Wahda Mall, Al Wahda",4.35,2
Alaknanda,2.35,32
"Alam Sutera Town Center, Serpong Utara",3.7,1
Albany,3.56,19
"Albemarle Street, Mayfair",4.7,1
Alkapuri,4.1,8
Alum Rock,2.8,1
Ambavadi,4.2,1
"Ambience Mall, Gurgaon",4.15,2
"Ambience Mall, Vasant Kunj",3.42,12
Ames,4.7,2
Aminabad,4.9,1
Anand Lok,3.8,2
Anand Vihar,2.11,42
Anand Wali Goan,3.67,3
Anandpuri,3.5,1
"Andaz Delhi, Aerocity",3.0,1
"Anil Plaza, Christian Basti",4.25,2
Anjuna,4.57,3
"Anjuna Beach, Anjuna",3.5,1
Anna Nagar East,4.1,2
"Ansal Plaza Mall, Greater Noida",2.52,5
"Ansal Plaza Mall, Khel Gaon Marg",3.75,8
"Ansal Plaza Mall, Palam Vihar",2.25,4
Arambol,4.6,1
"Archer Street, Soho",4.5,1
Ardee City,0.47,19
Arera Colony,3.94,5
"Armada AVM, S�_���_t�_z�_, Yenimahalle",4.2,1
Armidale,3.5,1
Arya Nagar,3.3,1
Asa Norte,3.58,4
Asa Sul,2.97,6
Asaf Ali Road,2.03,3
Ashok Nagar,3.85,4
Ashok Vihar Phase 1,1.72,36
Ashok Vihar Phase 2,3.38,14
Ashok Vihar Phase 3,3.39,11
Ashram Road,3.7,1
Asmal۱mescit,4.7,1
Assi Ghat,3.55,2
Athens,4.2,20
Athlone,3.7,1
Athwa,4.03,3
Attavar,3.6,1
Augusta,4.14,15
Auroville,3.8,2
Azad Nagar,4.0,1
"BGC Stopover Pavillion, Bonifacio Global City",4.5,1
"BMC Bhawani Mall, Sahid Nagar",4.0,2
BRS Nagar,4.1,1
Badarpur Border,1.91,9
Badkal Lake,0.0,1
Baga,4.1,3
Bajaj Nagar,3.86,5
"Balewadi High Street, Balewadi",4.5,1
Balgat,4.4,2
Balingup,3.2,1
Ballygunge,4.32,4
Balmatta,3.71,7
Balmoral,4.3,1
"Bambalapitiya, Colombo 04",2.9,2
Baner,3.95,2
Banjara Hills,4.8,2
Barakhamba Road,2.41,16
Barra da Tijuca,4.0,1
Barsha 2,4.5,1
"Barwa Towers, Al Sadd",4.9,1
"Basant Lok Market, Vasant Vihar",3.22,15
Basant Nagar,3.65,2
"Bayfront Avenue, Downtown Core",3.4,1
"Bayfront Subzone, Downtown Core",4.0,1
"Beak Street, Soho",4.9,1
Beaverdale,4.5,1
Bebek,4.9,1
Beechworth,4.6,1
"Bela Vista, Centro",4.45,2
"Bellagio, Ashok Vihar Phase 2",3.3,3
"Best Western Skycity Hotel, Sector 15, Gurgaon",2.85,2
"Best Western Taurus Hotel, Mahipalpur",2.7,1
Betalbatim,4.4,1
Bettendorf,4.22,5
Be��ikta�� Merkez,4.2,1
Bhavathi,4.2,1
Bhawar Kuan,3.9,2
Bhelupur,3.5,3
Bhikaji Cama Place,2.76,9
"Bishopsgate, City Of London",4.9,1
Blackfoot,3.7,1
"BluPetal Hotel, Koramangala",4.1,1
Bodakdev,4.34,5
Bogor Timur,3.7,1
Bogor Utara,4.0,1
Boise,4.27,18
"Bon Vivant, College Road",3.55,2
Bonaire,3.9,1
Bonifacio Global City,4.4,1
Borivali East,4.0,1
Borivali West,4.05,2
"Boundary Street, Shoreditch",4.5,1
Brahmaputra Shopping Complex,3.52,4
Braselton,4.4,1
"Bras�_lia Shopping, Asa Norte",4.2,1
Brindleyplace,3.7,1
"Brindleyplace, Broad Street",4.0,1
Britomart,4.57,3
"Broadwick Street, Soho",4.7,1
Brooklyn,4.4,3
Bryanston,4.4,2
"Bryanston Shopping Centre, Bryanston",4.4,1
"Bullring Shopping Centre, Southside",3.83,3
C G Road,3.8,1
C Scheme,4.23,6
CBD,4.1,3
CIDCO,3.33,7
"CITY WALK, Al Safa",4.5,1
"CMR Central Mall, Maddilapalem",4.6,1
Caddebostan,4.9,1
Calangute,3.7,1
"Calangute Beach, Calangute",4.3,1
Calhoun,4.17,3
Camac Street Area,4.4,1
Candolim,4.0,2
"Cantonment Road, Outram",3.8,1
"Caravan Complex, Al Hilal",3.6,1
Cavelossim,4.6,1
"Cavendish Square, Claremont",4.1,1
Cedar Falls,3.65,13
Cedar Rapids,4.12,8
Cengkareng,4.9,1
"Centaur Hotel, Aerocity",0.0,1
"Central Arcade, DLF Phase 2, Gurgaon",3.9,1
"Central Plaza Mall, Golf Course Road",3.5,10
"Centre Stage Mall, Sector 18",3.1,4
Centro,4.8,1
"Century City Mall, Poblacion, Makati City",4.8,1
Chamrajpura,3.67,3
Chanakyapuri,2.7,32
Chander Nagar,3.09,7
Chandigarh Industrial Area,3.7,1
Chandmari,4.4,2
Chandni Chowk,2.76,67
Chandrasekharpur,4.25,4
"Charlotte Street, Fitzrovia",4.6,1
Charmwood Village,1.47,6
Chatham-Kent,3.7,1
Chatsworth,3.9,1
Chawri Bazar,3.8,12
Cheetham Hill,3.3,2
Chelsea,4.7,1
Chhatarpur,2.7,1
Chicalthana,3.3,1
"Chinatown, Outram",3.1,1
Chittaranjan Park,2.45,46
Chittoor Road,4.6,1
"Chokhi Dhani Village Resort, Tonk Road",4.3,1
Christian Basti,4.28,4
Chubbuck,3.5,1
Chukkuwala,3.7,2
Church Street District,4.4,1
"Cinnamon Gardens, Colombo 07",3.82,4
"City Center, Parijat Nagar",3.8,1
City Centre,4.4,2
"City Centre Mall, Rohini",3.4,1
"City Hall, Downtown Core",3.8,1
City Light,4.13,3
"City Square Mall, Rajouri Garden",3.17,3
City and Suburban,4.9,1
Civil Lines,2.95,42
Claremont,3.9,1
Clarkesville,4.1,1
Clatskanie,4.3,1
Clearwater,4.6,1
Clive,4.05,2
Cochrane,3.1,1
College Road,3.45,8
Colmore Business District,4.5,1
Columbus,4.01,19
"Community Centre, New Friends Colony",2.93,18
"Conduit Street, Mayfair",4.5,1
Connaught Place,3.69,122
Consola�_��o,3.6,2
Consort,3.0,1
Copacabana,4.47,3
Coralville,3.95,2
"Country Inn & Suites By Carlson, Udyog Vihar",3.5,1
"Country Inn & Suites by Carlson, Gurgaon",3.8,1
"Country Inn & Suites by Carlson, Sector 12",3.25,2
"Country Inn & Suites, Sohna Road",3.4,1
"Courtyard By Marriott, Satellite",3.6,1
"Courtyard by Marriott Agra, Tajganj",4.0,1
"Courtyard by Marriott, Sushant Lok",1.6,2
Covent Garden,4.1,1
"Crescent Square Mall, Rohini",3.15,4
"Cross Point Mall, DLF Phase 4",3.91,8
"Cross River Mall, Karkardooma",3.32,5
"Crown Interiorz Mall, Sector 35, Faridabad",2.57,12
"Crown Plaza Mall, Sector 15, Faridabad",2.92,4
"Crowne Plaza Abu Dhabi, Al Markaziya",4.4,1
"Crowne Plaza Hotel, Rohini",3.6,2
"Crowne Plaza, Mayur Vihar Phase 1",3.35,2
"Crowne Plaza, Sector 29",3.8,2
"Cyber Greens, DLF Cyber City",2.8,1
"Cyber Hub, DLF Cyber City",3.86,41
"D Mall, Netaji Subhash Place",3.48,5
"D'arblay Street, Soho",4.5,1
"DB City, Maharana Pratap Nagar",4.03,3
"DDA Market, Kalu Sarai, Hauz Khas",1.5,2
DIFC,4.9,1
"DLF City Centre Mall, Shalimar Bagh",2.58,5
DLF Cyber City,3.46,5
"DLF Emporio Mall, Vasant Kunj",3.65,2
"DLF Galleria, DLF Phase 4",3.58,17
"DLF Mall of India, Sector 18,  Noida",3.84,31
"DLF Mega Mall, DLF Phase 1",2.81,15
DLF Phase 1,2.86,27
DLF Phase 2,0.38,10
DLF Phase 3,3.2,69
DLF Phase 4,3.8,21
DLF Phase 5,3.68,4
"DLF Place Mall, Saket",3.7,12
"DLF Promenade Mall, Vasant Kunj",3.76,13
"DLF South Point Mall, Golf Course Road",3.71,15
"DLF South Square, Sarojini Nagar",2.56,7
"DLF Star Mall, Sector 30",4.15,2
"DT City Centre Mall, MG Road",3.04,7
"DT Mega Mall, DLF Phase 1",3.36,5
Dago,4.2,1
Dahlonega,4.02,5
"Dalma Mall, Mussafah Sanaiya",4.0,1
Dalton,4.04,8
Daryaganj,1.83,43
Dashaswmedh Road,3.67,3
Davenport,3.55,15
Dayal Bagh,0.0,1
De Waterkant,4.0,1
Deansgate,4.2,2
Deccan Gymkhana,4.8,1
Defence Colony,3.21,86
"Dehiwala, Colombo",3.5,1
Deira City Centre Area,4.9,1
Delhi Cantt.,0.0,4
Delhi University-GTB Nagar,2.74,65
"Devraj Niwas, Bani Park",4.0,1
Dhantoli,4.3,1
Dharampeth,3.93,3
Dicky Beach,3.6,1
Digbeth,3.8,1
Dikmen,4.5,1
"Dilli Haat, INA",3.22,20
Dilshad Garden,1.71,57
Disney World Area,4.5,1
Disney: Downtown Disney,4.5,2
Dispur,4.1,1
"District Centre, Janakpuri",2.95,6
Diwalipura,3.8,1
Doora,4.2,1
"DoubleTree by Hilton, Sector 56",3.5,2
Downtown,4.2,6
Downtown St Petersburg,4.22,4
Dr. Zakir Hussain Marg,2.9,1
Dubai Media City,4.8,1
Dubuque,3.54,20
Durga Puri,2.9,1
"Duxton Hill, Outram",3.9,1
Dwaraka Nagar,4.25,2
East Ballina,4.1,1
East Patel Nagar,2.65,50
East Village,4.5,2
East of Kailash,1.43,56
Edappally,4.1,2
Edgbaston,4.0,1
"Edsa Shangri-La, Ortigas, Mandaluyong City",4.4,1
"Elante Mall, Chandigarh Industrial Area",4.12,5
"Eldeco Station 1 Mall, Sector 12, Faridabad",1.4,2
Elgin,4.0,1
Ellis Bridge,4.5,2
Emek,4.4,1
Emirg��n,4.2,1
"Epicuria Food Mall, Nehru Place",3.34,21
"Eros Hotel, Nehru Place",3.72,5
Essex Farms,3.5,3
Evans,4.08,4
"Express Avenue Mall,  Royapettah",4.8,1
Faerie Glen,4.05,2
Fairground,4.1,1
Fatmawati,4.6,1
Federal Street,4.7,2
Fereej Bin Mahmoud,4.3,1
Fernley,3.7,1
Feroze Shah Road,2.1,2
Festival City,4.5,1
Flaxton,3.5,1
Flowery Branch,4.07,3
Forrest,3.7,1
Fort,4.2,1
Fort Kochi,4.2,1
Fort Oglethorpe,4.37,3
Fort Street,4.9,1
"Fort, Colombo 01",4.0,1
"Fortune Inn Grazia, Sector 27, Noida",3.3,2
"Fortune Select Excalibur, Sohna Road",3.8,2
"Fortune Select Global, MG Road",2.6,1
Fountainbridge,3.9,1
Fraser Road Area,3.48,4
Friends Colony,4.05,2
"Fun City Mall, Prashant Vihar",0.0,3
GTB Nagar,1.59,38
Gachibowli,3.8,1
Gainesville,4.33,6
Gajapati Nagar,3.7,1
"Galeria River, Copacabana",4.8,1
"Gandaria City Mall, Gandaria",3.9,1
Gandhi Nagar,3.3,1
Gandhipuram,4.6,1
"Ganga Shopping Complex, Sector 29",2.81,8
"Garden of Five Senses, Saket",4.2,1
Gardens,4.45,2
"Gardens Galleria, Sector 38 Noida",1.89,14
Garsfontein,4.3,1
Gazi Osman Pa��a,4.47,3
Geeta Colony,1.36,34
"Ghanem Business Center, Fereej Bin Mahmoud",4.0,1
Ghatlodia,4.3,1
"Ginger Hotel, Vivek Vihar",2.0,2
"Glenfair Boulevard, Lynnwood  ",3.8,1
"Global Foyer Mall, Golf Course Road",3.64,7
Godaulia,4.1,1
Gokulam,3.63,3
Golambar,3.42,4
"Golden Square, City Light",3.7,1
"Goldfinch Hotel, Balmatta",3.5,1
Golf Course,0.0,1
Golf Course Road,3.56,27
Golpark,4.2,1
Gomti Nagar,4.12,12
Gopalapuram,4.2,1
"Gourmet Hub, Pashim Vihar",3.4,1
"Grand Hotel, MG Road",4.2,1
"Grand Indonesia Mall, Thamrin",4.35,2
Greater Kailash (GK) 1,3.7,66
Greater Kailash (GK) 2,3.55,66
Greater Kailash (GK) 3,3.42,5
Greater Noida,1.86,38
Greater South Side,4.1,1
Green Park,2.43,46
Green Point,3.73,3
"Greenlyn Village, Menlopark, Near Lynnwood",4.4,1
Greenside,4.3,1
Grovetown,4.2,1
Gujranwala Town,2.02,39
Gulmohar Colony,3.8,1
Gurdev Nagar,3.9,3
Gurukul,4.05,2
G��vea,4.9,1
HIG-LIG,4.1,1
"Haji Lane, Rochor",4.2,1
Halwan Suburb,3.8,1
Hamilton,4.4,1
Hampankatta,3.6,1
Handsworth,3.6,1
Harborne,4.2,1
Harmu,3.45,2
"Harsha Mall, Greater Noida",2.9,3
Hathi Gate,4.0,1
Hathibarkala Salwala,4.0,3
Hauz Khas,2.51,74
Hauz Khas Village,3.85,24
"Havelock Town, Colombo 05",4.15,2
Haymarket,4.5,1
Hazratganj,4.17,3
Helen,3.48,4
Henderson,4.5,1
Hepburn Springs,3.8,2
Heritage Town,3.7,1
"Hill Road, Bandra West",4.1,1
"Hillcrest, Bukit Timah",4.1,1
Hindpiri,3.57,3
Hitech City,4.3,2
Holiday Inn Express & Suites,4.3,1
"Holiday Inn Jaipur City Centre, Bais Godam",4.4,2
"Holiday Inn, Aerocity",3.3,1
"Holiday Inn, Mayur Vihar",3.55,2
"Hong Kong Bazaar Mall, Sector 57, Gurgaon",3.0,3
"Hotel Broadway, Daryaganj",3.65,2
"Hotel Capitol Hill, Hindpiri",3.7,1
"Hotel City Park, Pitampura",3.35,2
"Hotel Clark Inn, Sector 15",1.4,2
"Hotel Clarks Amer, Malviya Nagar",4.9,1
"Hotel Classic Diplomat, Mahipalpur",0.0,2
"Hotel De Pondicherry, White Town",3.5,1
"Hotel Express Towers, Alkapuri",4.0,1
"Hotel Golf View, Sector 37, Noida",1.0,3
"Hotel Green Olive, Nirala Bazar",3.6,1
"Hotel GreenPark, Vizag",4.4,1
"Hotel Grenville, MG Road",1.4,2
"Hotel Haute.Monde, Sector 15",2.8,2
"Hotel Intercontinental Doha, Westbay",3.7,1
"Hotel Maurya, Lodipur",3.7,1
"Hotel Novotel, Maharani Peta",4.1,1
"Hotel Regent Grand, Karol Bagh",1.5,2
Hotel Royal Cliff,4.0,1
"Hotel Saffron Kiran, Faridabad",0.0,3
"Hotel Shangri-La, Sudirman",4.6,1
"Hotel The Royal Plaza, Janpath",3.42,6
"Hotel Unique, Jardim Paulista",4.8,1
"Huda City Centre Metro Station, Sector 29, Gurgaon",3.56,7
Huskisson,4.1,1
Hyatt Place Gurgaon,1.9,2
"Hyatt Regency, Bhikaji Cama Place",3.8,6
"Hyatt Regency, Rajguru Nagar",4.3,1
Hyde Park,4.26,5
I-Drive/Universal,4.47,4
"IBIS Hotel, Golf Course Road",2.7,1
IIT Kanpur,3.5,1
INA,2.4,4
INA Colony,3.5,3
IP Extension,1.82,47
"ITC Maurya, Chanakyapuri",3.73,6
"ITC Mughal, Tajganj",4.15,2
ITO,3.25,4
Illovo,4.2,1
India Gate,1.68,6
Indian Rocks/Indian Shores,4.2,1
Indiranagar,4.32,6
Indirapuram,2.66,5
Indraprastha Colony,0.0,1
"Infiniti Hotel, Vijay Nagar",4.1,1
"International Business Center, Piplod",4.2,1
Inverloch,3.7,1
Iowa City,4.19,9
Ipanema,4.7,3
Itaim Bibi,2.83,3
Ittige Gudu,3.8,1
"JMD Kohinoor Mall, Greater Kailash",3.38,5
"JMD Megapolis Mall, Sohna Road",3.4,1
"JMD Regent Arcade Mall, MG Road",3.2,2
JNU,2.51,10
JP Nagar,4.6,1
JW Marriott New Delhi,3.3,1
Jagadamba Junction,3.7,1
Jail Road,2.56,61
"Jaipuria Plaza, Sector 26, Noida",2.97,13
Jakhan,4.4,3
Jama Masjid,2.47,26
Janakpuri,3.32,46
Jangpura,1.91,57
Janpath,3.02,39
Jardim Paulista,3.73,3
Jasola,3.0,21
Jayalakhsmipuram,3.83,3
"Jaypee Greens Golf & Spa Resort, Surajpur",3.25,4
"Jaypee Greens, Greater Noida, Noida",1.65,2
"Jaypee Siddharth, Rajendra Place",3.45,2
"Jaypee Vasant Continental, Vasant Vihar",3.4,5
Jewellery Quarter,4.1,1
Johnston,4.0,1
Jor Bagh,3.1,1
Jubilee Hills,4.39,7
Juhu,3.8,1
"Jukaso It Suites, Sector 14",2.8,1
Jumeirah 1,4.5,1
K Hotel,0.0,1
KS Rao Nagar,3.7,1
Kacheripady,4.07,3
Kadri,3.7,3
Kadru,3.6,1
Kad۱k�_y Merkez,3.7,1
Kahuku,4.5,1
Kailash Colony,2.07,22
Kailua Kona,4.7,1
Kaimuki,4.7,1
Kakkanad,3.8,3
Kalkaji,2.99,73
Kaloor,4.2,2
Kalyani Nagar,4.2,3
Kamla Nagar,3.3,65
Kanka,3.27,3
Kankanady,3.7,1
Kapashera,3.2,2
Kapitolyo,4.63,3
Karak�_y,4.4,4
Karampura,3.53,3
Karanpur,3.9,2
Karkardooma,3.48,23
Karkhana,4.4,1
Karol Bagh,3.07,76
"Kasbah, Greater Kailash (GK) 1",4.5,1
Kashmiri Gate,3.3,1
Kaushambi,0.0,1
Kavakl۱dere,4.3,1
"Kay Siang Road, Tanglin",3.2,1
Kelapa Gading,4.2,1
"Kentpark AVM, ��niversiteler, �ankaya",4.2,1
Kenwood,4.9,1
Khajpura,3.5,2
Khan Market,3.72,44
Khandari,3.6,1
Kidderpore,4.6,1
Kihei,4.35,4
Kilpauk,4.6,1
"Kingdom of Dreams, Sector 29",3.7,2
Kingman Place Historic District,4.3,1
Kirlampudi Layout,4.35,2
Kirti Nagar,3.09,56
"Kite Beach, Umm Suqeim",4.3,1
Kodailbail,4.1,1
Kohefiza,3.8,1
"Kollupitiya, Colombo 03",3.91,7
Kondapur,4.2,1
Koramangala 5th Block,4.5,3
Koramangala 6th Block,4.3,1
Koramangala 7th Block,4.5,1
Koregaon Park,4.25,4
"Kota Kasablanka, Tebet",4.4,1
Kotturpuram,4.1,1
Ko��uyolu,4.2,1
Krishna Nagar,1.9,77
Kuru�_e��me,3.85,2
Kuvempunagar,3.5,1
K۱z۱lay,4.0,2
K�_�_�_k Esat,4.5,2
LaFayette,3.7,1
Lado Sarai,0.73,9
Lago Sul,3.6,1
Lagoa,4.3,1
Lahaina,4.36,5
Lajpat Nagar 1,1.41,42
Lajpat Nagar 2,3.1,22
Lajpat Nagar 4,3.8,2
Lakes Entrance,3.8,1
Lakeview,3.6,1
Lal Kothi,4.15,2
Lalbagh,3.97,3
Lalpur,3.45,6
Lanka,3.4,3
Lava Hot Springs,3.6,2
"Lavender, Kallang",3.45,2
Law College Road,4.0,1
Lawrence Road,1.99,15
Lawsons Bay,3.7,2
Laxmi Nagar,2.78,58
Le Mars,3.7,1
"Le Meridien Gurgaon, MG Road",3.7,3
"Le Meridien, Janpath",3.67,6
"Le Monde, Barra da Tijuca",4.0,1
Leblon,4.5,2
"Leisure Inn, Sector 14, Gurgaon",3.0,3
Leith,4.55,4
Leme,4.2,2
"Lemon Tree Premier, Aerocity",3.5,1
"Lemon Tree Premier, Sector 29",3.2,1
Levenshulme,3.9,1
"Lexington Street, Soho",4.9,1
Linden,4.3,1
"Linking Road, Bandra West",3.8,1
Little Baguio,4.3,1
"Little Tokyo, Legaspi Village, Makati City",4.5,1
"Living Style Mall, Jasola",2.98,13
Lodhi Colony,3.18,31
Lodhi Road,2.42,19
Lodipur,3.4,3
"Logix City Centre, Sector 32, Noida",1.91,30
"Logix Cyber Park, Sector 62, Noida",0.0,2
"Long Acre, Covent Garden",3.8,1
Lorn,3.6,1
Lorne Street,4.2,1
Lower Parel,4.13,3
"LuLu Mall, Edappally",4.25,2
Lyall Bay,4.3,1
Lynnwood,4.3,1
"M Cube Mall, Vadiwadi",3.8,1
MG Road,1.61,63
"MGF Mega City Mall, MG Road",3.65,4
"MGF Metropolis Mall, MG Road",3.2,6
"MGF Metropolitan Mall, MG Road",3.24,24
"MGF Metropolitan Mall, Saket",3.64,5
"MGM Club, Daryaganj",0.53,6
"MSX Mall, Greater Noida",2.6,7
MVP Colony,4.1,1
Macedon,3.5,1
Macon,4.31,10
Macunk�_y,4.3,1
Maddilapalem,3.5,1
Madeira Beach/Redington Beach,4.5,1
Madhapur,4.3,2
Madinat Zayed,3.6,1
"Madinat Zayed Shopping Centre, Madinat Zayed ",4.5,1
Madureira,0.0,1
Maharana Pratap Nagar,3.84,5
Maharani Peta,3.65,2
Mahipalpur,1.07,69
"Maidens Hotel, Civil Lines",3.13,3
"Main Market, Sarabha Nagar",4.08,5
"Majaz Waterfront, Al Majaz 3",3.9,1
"Majiwada, Thane West",3.9,1
Majnu ka Tila,0.5,25
Malad West,4.33,3
Mall Road,3.92,4
"Mall of Qatar, Al Gharafa",4.0,1
"Mall of the Emirates, Barsha 1",4.3,1
Malsi,3.9,1
Maltepe,4.4,1
Malviya Nagar,3.43,85
Mandi House,1.62,4
"Mani Square Mall, Kankurgachi",3.9,1
Mankhool,4.4,1
Mansingh Road,0.0,1
Marathahalli,4.5,2
"Marina Centre, Downtown Core",3.57,3
Marion,4.7,1
Market Street,4.1,2
Marshalltown,4.9,1
Mathura Road,2.1,2
"Maurya Lok, Fraser Road Area",3.6,1
Mayapuri Phase 2,2.5,15
Mayfair,4.6,2
"Mayfair Lagoon, Jayadev Vihar",4.1,1
Mayfield,2.9,1
Mayur Vihar Phase 1,2.03,84
Mayur Vihar Phase 2,2.81,29
Mayur Vihar Phase 3,1.84,32
Mc Millan,2.4,1
Mehrauli,0.58,20
"Melrose Arch, Melrose ",4.1,1
"Menlyn Boutique Hotel, Menlyn",4.4,1
"Menlyn Maine, Waterkloof Glen",3.9,1
"Menlyn Shopping Centre, Menlyn",3.7,2
Meridian,4.0,1
"Metro Walk Mall, Rohini",3.13,3
Middleton Beach,3.8,1
Miller,3.4,1
Mills 50,4.5,2
Mission Bay,2.3,1
Moda,4.0,1
Model Town 1,3.8,1
Model Town 2,3.26,25
Model Town 3,3.01,10
Moema,3.9,1
Mohan Nagar,4.4,1
"Moments Mall, Kirti Nagar",3.23,23
Mondha,3.5,1
Monroe,3.6,1
Montville,2.4,1
"Mosaic Hotels, Sector 18, Noida ",3.25,2
Moseley,2.0,2
Moti Bagh,3.18,5
Moti Nagar,1.85,40
Mt Albert,4.4,1
Mt Eden,4.17,3
Mt Victoria,4.1,1
Mukherjee Nagar,1.06,68
Munirka,1.56,43
Musheireb,3.8,1
"Mushrif Mall, Al Mushrif",4.0,1
Mussafah Sanaiya,4.0,1
Muwailih Commercial,4.8,1
Mylapore,4.0,1
NIT,0.0,4
Nadesar,3.5,2
Najafgarh,0.05,60
Najda,4.1,3
Nampa,4.4,1
Nangloi,0.0,41
Nanpura,3.9,1
Naraina,1.45,54
Narela,0.0,8
"Nassima Royal Hotel, Trade Centre Area",4.9,1
Navarre,4.2,1
Navrangpura,4.2,2
Nehru Place,2.5,32
"Neil Road, Outram",3.1,1
"Nelson Mandela Square, Sandown",4.3,1
Nerul,3.7,1
Netaji Subhash Place,3.53,48
New BEL Road,4.6,1
New Friends Colony,2.26,47
New Palasia,4.03,3
New Tampa,4.9,1
New Town,4.03,4
Newlands,4.5,1
Newmarket,3.5,1
"Nicolway Shopping Centre, Bryanston",4.6,1
"Ninex City Mart Mall, Sohna Road",3.35,2
Nirala Bazar,3.42,4
Nizamuddin,2.56,10
"North Bridge Road, Rochor",3.2,1
Northeast St Petersburg,4.5,1
Northern Quarter,4.28,4
Nungambakkam,4.4,2
"Nuvali, Don Jose, Santa Rosa",3.6,1
Nyay Nagar,3.2,1
Ohri' Hitech City,4.1,1
Ojo Caliente,3.6,1
Okhla Phase 1,0.41,8
Okhla Phase 2,2.12,6
"Old Dutch Hospital, Fort",4.9,1
Old Palasia,3.9,2
Old Railway Road,2.71,41
Old Town,3.93,9
"Omaxe Celebration Mall, Sohna Road, Gurgaon",2.2,1
Omaxe Gurgaon Mall,3.37,3
"One Horizon Center, Golf Course Road",3.56,8
"One and Only Hotel, V & A Waterfront",4.0,1
Oxford Road,3.5,2
PAU,3.5,1
PVR Anupam Complex,3.43,13
"Pacific Mall, Jakhan",3.9,1
"Pacific Mall, Tagore Garden",2.72,27
Paharganj,2.81,64
"Pai Hotels, Doora",3.7,1
Paia,4.9,1
Palam,0.58,60
Palam Vihar,0.98,49
Palarivattom,4.2,1
"Palate of Delhi, Chanakyapuri",0.71,9
Palm Cove,4.4,1
Palma Ceia,4.7,1
Paltan Bazaar,3.9,1
Panaji,4.47,4
Panampilly Nagar,4.03,3
Panchsheel Park,3.52,4
Panchvati,3.5,1
Pandara Road Market,3.86,10
Pandav Nagar,0.29,20
Parade,3.9,1
Parijat Nagar,3.8,1
"Park Ascent, Sector 62, Noida",0.0,1
"Park Inn, Sector 15, Gurgaon",3.2,1
"Park Plaza Hotel, Sector 55, Noida",3.57,3
"Park Plaza, Sector 21, Faridabad",3.0,1
"Park Plaza, Sushant Lok",3.5,4
Park Street Area,4.22,4
"ParkShopping, Guar�� I",4.0,1
Parkhurst,4.07,3
Parktown North,4.2,1
Parnell,4.0,1
"Parsavnath City Mall, Sector 12, Faridabad",2.0,3
Paschim Vihar,3.15,56
Patia,3.89,9
Patliputra Colony,3.5,1
Patparganj,3.19,8
Paynesville,2.6,1
Peelamedu,3.92,5
Peer Gate Area,4.1,1
Penjaringan,4.9,1
Penola,3.4,1
Penrose,4.5,1
Pensacola,4.2,12
Pensacola Beach,4.06,5
Perdido Key,4.55,2
Perungudi,3.8,1
Phillip Island,3.7,1
"Phoenix Market City, Viman Nagar",4.5,1
"Piccadily Hotel, Janakpuri",2.6,1
"Pineslopes Shopping Centre, Fourways",4.35,2
Pinheiros,4.3,1
Piplod,4.05,4
Pitampura,2.87,85
"Plaza Festival, Kuningan",4.3,1
"Plaza Mall, MG Road",3.0,1
Pocatello,3.46,16
Podanur,3.8,1
Pondok Aren,4.9,1
"Pont��o Lago Sul, Lago Sul",3.2,1
"Portman Mews South, Marble Arch",4.5,1
"Post Office Center, Illovo",4.4,1
Potrero,3.3,1
Powai,4.35,2
Pragati Maidan,3.9,2
Prahlad Nagar,4.5,1
Prashant Vihar,1.62,17
Pratap Nagar,4.5,1
Preet Vihar,1.92,49
"Premier Inn, Shalimar Bagh",3.05,2
"Pride Plaza Hotel, Aerocity",1.03,3
Princeton,4.0,1
"Prozone Mall, Chicalthana",3.4,1
Punjabi Bagh,3.39,60
"Quest Mall, Ballygunge",4.4,1
Qutab Institutional Area,0.38,23
"Qutab Plaza, DLF Phase 1",3.11,13
"R Deccan Mall, JM Road",4.5,1
R K Puram,1.34,38
RA Puram,4.3,1
RS Puram,4.25,2
Race Course,3.91,9
"Radisson Blu Hotel, Vijay Nagar",3.8,1
"Radisson Blu Plaza Delhi, Mahipalpur",3.95,6
"Radisson Blu, Hindpiri",3.4,1
"Radisson Blu, Paschim Vihar",3.2,2
"Radisson Blu, Sector 18, Noida",3.5,1
"Radisson Blu, Tajganj",3.85,2
"Radisson Hotel, Nadesar",3.3,2
"Raheja Mall, Sohna Road",2.83,3
"Rajagiriya, Colombo",4.1,1
Rajendra Place,1.79,8
Rajguru Nagar,3.9,1
Rajinder Nagar,2.94,81
Rajouri Garden,3.59,99
Rajpur,4.18,5
Rakabganj,4.1,1
"Ramada Gurgaon Central, Sector 44",3.5,1
Ramapuram,4.4,1
Ramdaspeth,4.0,1
"Ramee Guestline Hotel, Juhu",4.0,1
Ranjit Avenue,3.56,5
"Rave 3, Tilak Nagar",3.9,1
"Rave Moti, Kakadeo",3.8,1
Ravet,4.2,1
Renaissance Lucknow Hotel,4.2,1
Rep�_blica,4.35,2
Residency Road,4.2,1
Restaurant Row,4.4,1
Ringgold,4.2,3
"Riverside Mall, Gomti Nagar",4.7,1
"Robertson Quay, Singapore River",3.2,1
Rock Spring,4.1,1
Rohini,3.35,48
"Roseate House, Aerocity",2.17,3
Rosebank,4.5,1
"Royal Inn, Hazratganj",4.2,1
Rushikonda,4.0,1
Rusholme,4.1,2
SDA,2.79,15
"SM Aura Premier, Bonifacio Global City, Taguig City",4.6,2
"SM Megamall, Ortigas, Mandaluyong City",4.7,3
"SM by the Bay, Mall of Asia Complex, Pasay City",4.1,2
"SMS Hotel, Peelamedu",4.3,1
"SRS Mall, Sector 12, Faridabad",0.0,1
"SSK Solitaire, Satpur",3.4,1
Sadar,4.2,1
Sadar Bazaar,4.0,1
Sadar Bazar,3.15,2
Safdarjung,2.8,80
Sagar Nagar,3.6,1
"Sahara Centre, Al Nahda",4.1,1
"Sahara Mall, MG Road",3.0,2
Sahid Nagar,4.0,2
Saibaba Colony,4.55,2
Sainik Farms,0.79,35
Sainikpuri,4.6,1
Saket,2.89,36
Sanford,4.8,1
"Sangam Courtyard, RK Puram",3.87,7
Santa Teresa,4.7,1
Santhome,4.3,1
Sarabha Nagar,4.2,1
Sarita Vihar,1.5,26
Sarjapur Road,4.2,2
Sarojini Nagar,1.53,13
Satpur,3.42,4
Satwa,4.4,1
Satyaniketan,3.48,79
Savannah,4.19,18
Sayaji Hotel,4.3,1
"Sayaji Hotel, Vijay Nagar",4.3,1
Sea Point,4.6,2
Sector 1,0.0,2
Sector 10,1.65,15
Sector 11,2.29,12
Sector 110,2.05,53
Sector 12,1.37,30
Sector 125,2.17,8
Sector 127,0.0,1
Sector 132,0.96,43
Sector 14,2.6,52
Sector 15,2.62,71
"Sector 15, Dwarka",3.1,1
Sector 16,1.84,28
Sector 17,0.96,31
Sector 18,3.37,75
Sector 19,2.12,6
Sector 2,1.0,9
Sector 20,1.87,3
Sector 21,1.28,24
Sector 22,0.64,18
Sector 23,2.18,12
Sector 25,2.02,6
Sector 26,3.08,5
Sector 27,2.18,26
Sector 28,2.55,11
Sector 29,3.57,47
Sector 3,1.94,5
Sector 30,3.04,5
Sector 31,2.37,52
Sector 33,1.92,5
Sector 34,1.97,15
Sector 35,2.2,9
Sector 37,2.34,45
Sector 38,1.98,13
Sector 39,0.67,23
Sector 4,1.65,2
Sector 40,1.7,2
Sector 41,2.17,48
Sector 42,0.0,3
Sector 43,1.58,14
Sector 44,1.77,23
Sector 45,1.5,40
Sector 46,2.3,4
Sector 47,1.07,6
Sector 48,2.29,10
Sector 49,1.94,5
Sector 5,2.52,4
"Sector 5, Salt Lake",4.25,2
Sector 50,2.4,37
Sector 51,1.24,28
Sector 52,1.22,5
Sector 53,1.32,20
Sector 54,3.15,2
Sector 55,1.45,2
Sector 56,1.69,59
Sector 57,2.0,3
Sector 58,1.15,13
Sector 59,1.63,7
Sector 6,3.1,1
Sector 60,0.0,3
Sector 61,1.3,5
Sector 62,1.96,76
Sector 63,0.43,12
Sector 65,1.0,6
Sector 7,2.9,24
Sector 70,4.3,1
Sector 71,0.86,7
Sector 72,1.29,61
Sector 8,2.53,7
Sector 83,3.2,1
Sector 86,3.17,11
Sector 9,1.22,6
Sector 93,2.08,18
"Select Citywalk Mall, Saket",3.76,25
Seminole Heights,4.43,3
Senapati Bapat Road,4.15,2
Senopati,4.3,2
Setor De Clubes Esportivos Sul,4.9,1
Shahdara,1.41,87
Shahgunj,3.3,1
Shahpur Jat,3.72,26
Shakarpur,0.76,27
Shalimar Bagh,2.17,67
"Shangri La's - Eros hotel, Janpath",3.88,5
Shanti Niketan Marg,3.1,2
Shastri Nagar,4.6,1
Shastri Park,0.0,1
Sheikh Sarai,3.1,1
"Sheraton New Delhi Hotel, Saket",4.07,3
"Shipra Mall, Indirapuram",3.03,17
Shivala,3.5,1
"Shopping Iguatemi, Lago Norte",3.3,1
"Shopping Mall, DLF Phase 1",3.37,6
"Shopping Metr�� Santa Cruz, Vila Mariana",0.0,1
"Shopping Morumbi, Santo Amaro",0.0,1
"Shopprix Mall, Sector 61, Noida",1.55,2
Sigra,3.35,2
Sikandarpur,0.0,4
"Silver Arc Mall, Gurdev Nagar",3.8,1
"Silver Spring Arcade, Science City Area",4.1,1
Sioux City,3.78,18
Siripuram,4.0,2
Sitabuldi,3.7,3
Six Mile,4.0,1
"Sky City Metro, Auckland CBD",4.0,1
"Slave Island, Colombo 02",4.1,1
Small Heath,3.1,1
Smethwick,3.8,1
"Sofitel Philippine Plaza Manila, Pasay City",4.9,1
Sohna Road,3.26,42
"Solenad 3, Don Jose, Santa Rosa",4.0,1
Souq Waqif,4.7,1
South City 1,0.0,2
South City 2,1.09,8
South Extension 1,2.17,13
South Extension 2,2.76,41
South Sioux City,3.5,1
Southern Avenue,4.0,1
"Southern Park Mall, Saket",3.45,2
"Spark Mall, Kamla Nagar",3.32,5
Sparkhill,3.7,1
"Spice World Mall, Sector 25",1.91,16
Spinningfields,4.33,3
"Spot 18 Mall, Pimple Saudagar",3.6,1
"Spring City Mall, Doranda",3.5,1
Sri Krishnapuri,3.33,3
"Star City Mall, Mayur Vihar Phase 1",2.99,7
"Status Club, Kanpur Cantonment",4.3,1
Subhash Nagar,1.07,51
Sudoeste,3.6,1
"Suncity Business Tower, Golf Course Road",3.95,2
Sunder Nagar,3.17,7
Sunderpur,3.5,1
"Sungai Pinang, Rochor",3.8,1
"Supermart 1, DLF Phase 4",3.75,17
"Supertech Shopprix Mall, Sector 61",2.52,19
Suraj Kund,1.54,19
Surya Nagar,3.25,2
Sushant Lok,2.91,30
"Sushant Shopping Arcade, Sushant Lok, Gurgaon",3.19,18
Swaroop Nagar,3.7,3
Sylvester,3.4,1
T. Nagar,4.45,2
"T3 Domestic Arrival, Aerocity",3.2,1
"TDI Mall, Rajouri Garden",3.5,3
TT Nagar,4.0,3
Tagaytay City,4.5,1
Tagore Garden,1.91,36
Tagore Town,3.5,1
"Taj Vivanta, Khan Market",3.63,3
Tajganj,4.05,8
"Taman Impian Jaya Ancol, Ancol",4.9,1
Tanjung Duren,3.4,1
Tanunda,4.4,1
"Tavistock Court, Covent Garden",4.1,1
Te Aro,4.3,15
Tebet,4.0,1
"Telok Ayer Street, Outram",3.9,1
Thaltej,4.1,1
Thamrin,4.3,1
"The Ashok, Chanakyapuri",3.53,6
"The Atrium, Suraj Kund",3.05,2
"The Bristol Hotel, DLF Phase 1",3.17,3
"The Claremont, MG Road",3.0,1
"The Claridges, Aurangzeb Road",3.71,7
"The Club Centre, Hazelwood, Near Waterkloof",4.3,2
"The Crown, Nayapalli",4.3,1
"The Dubai Mall,Downtown Dubai",4.07,3
"The Fern, Sola",4.1,1
"The Galgotias, Sector 23",2.7,1
"The Gate, Dafna",3.9,1
"The Grand New Delhi, Vasant Kunj",3.45,2
"The Great India Place, Sector 38",2.65,37
"The Habitare Hotel, Sector 14",3.0,2
"The Imperial, Janpath",3.6,9
"The India Mall, New Friends Colony",2.6,8
"The Lalit New Delhi, Barakhamba Road",3.54,8
"The Landmark Hotel, Mall Road",3.9,1
"The Langham Hotel, Auckland CBD",4.7,1
The Leela Ambience Convention Hotel,3.78,4
"The Leela Palace, Chanakyapuri",3.78,5
"The Lodhi, Lodhi Road",3.35,2
"The Mailbox, Broad Street",4.0,1
"The Midland, Deansgate",4.25,2
The Milk District,4.9,1
"The Oberoi, Udyog Vihar",3.2,1
"The Ocean Pearl, Kodailbail",3.7,1
"The Park, Connaught Place",3.47,3
"The Park, Lawsons Bay",3.8,1
"The Pllazio Hotel, Sector 29",3.6,1
"The Promenade, White Town",3.8,2
"The Royal Retreat, Bariatu",3.5,1
"The Sapphire Mall, Sohna Road",3.3,1
"The St. Regis, Westbay",4.4,1
"The Suryaa New Delhi, New Friends Colony",3.42,4
"The Taj Mahal Hotel, Mansingh Road",3.79,7
"The Taj Palace Hotel, Chanakyapuri",3.8,4
"The Uppal, Aerocity",3.07,3
"The Village Restaurant Complex, Khel Gaon Marg",3.83,3
"The Westin Doha Hotel & Spa, Fereej Bin Mahmoud",4.3,1
"The Westin Gurgaon, Sector 29",3.87,3
"The Westin Sohna Resort & Spa, Sohna Road",3.55,2
Tijuca,4.6,1
Tilak Marg,0.0,1
Tilak Nagar,1.41,61
Tollcross,4.0,1
Tonk Road,4.3,1
Town Hall,3.85,8
Trade Centre Area,3.7,1
Trentham East,4.1,1
"Trident, Udyog Vihar",3.4,2
Trilokpuri,0.0,1
Tughlakabad Institutional Area,3.7,1
"Tulip Mall, Sector 48, Noida",0.52,5
"Twelve Picardy Place, New Town",4.2,1
"Two Horizon Center, Golf Course Road",3.67,3
Tybee Island,3.85,2
UB City,4.4,1
"UP Town Center, Diliman, Quezon City",4.8,1
Uday Park,3.73,3
Udyog Vihar,1.06,37
Ulubari,4.25,2
Umm Ghuwailina,4.2,2
Umm Hurair,4.3,1
Unit 4,3.5,1
"Unitech Cyber Park, Sector 39, Gurgaon",2.06,5
"Unitech Infospace, Sector 21, Gurgaon",2.83,25
"Unity One Mall, Janakpuri",3.26,5
University City,4.17,3
"Upper St Martin's Lane, Covent Garden",4.5,2
Urbandale,3.8,1
Urca,4.3,1
Usmanpura,3.3,2
Uttam Nagar,1.72,59
Uzan Bazaar,4.02,5
V & A Waterfront,3.95,2
"V3S Mall, Laxmi Nagar",2.82,26
Vadiwadi,4.08,8
Vagator,4.2,1
Vaishali Nagar,3.25,2
Valdosta,3.72,20
Vasant Kunj,3.53,23
"Vasant Square Mall, Vasant Kunj",3.32,9
Vasant Vihar,2.18,36
Vastrapur,3.95,2
Vasundhara Enclave,0.84,62
Velachery,4.5,3
"Venetian Village, Al Maqtaa",4.9,1
Vernonia,4.3,1
"Versova, Andheri West",4.1,1
Vesu,3.6,4
"Vibe by The LaLit Traveller, Mathura Road",3.3,1
Victor Harbor,3.6,1
"Victoria Wharf, V & A Waterfront",4.25,2
"Victoria, Rochor",3.2,1
Vidhyadhar Nagar,3.7,1
Vijay Nagar,3.66,46
Vikas Marg,1.7,2
Vikaspuri,2.86,60
Vila Maria,4.4,1
Vila Mariana,4.6,1
Vila S��nia,4.1,1
Vile Parle East,3.6,1
"Villa Shanti, White Town",3.9,1
Viman Nagar,4.1,1
"Vinayak City Centre Mall, Civil Lines",3.3,1
Vineland Station,4.3,1
"Vivanta by Taj, Sector 44, Gurgaon",3.9,2
Vivek Vihar,1.98,36
Vivekanand Nagar,3.8,1
"Vyapar Kendra, Palam Vihar",2.43,7
"Vyapar Kendra, Sushant Lok",2.95,17
Vyttila,3.6,1
Waikiki,4.31,7
Wakad,4.4,1
"Walker's Court, Soho",4.6,1
Waltair Uplands,4.4,1
Warner Robins,3.92,9
"Waterfall Corner Mall, Midrand",3.8,1
"Waterglen Shopping Centre, Garsfontein",4.0,1
Waterkloof,4.17,3
Waterloo,3.66,7
Wazirpur,2.03,6
Weirton,3.9,1
Wellington Central,4.03,3
West Des Moines,4.1,2
"West End Mall, Janak Puri",2.75,2
"West Gate Mall, Rajouri Garden",3.5,1
West Park,4.9,1
West Patel Nagar,3.68,4
"Westend Mall, Rajguru Nagar",3.9,1
White Avenue,3.8,3
White Town,3.62,8
Winchester Bay,3.2,1
Windermere,4.9,1
Winter Park,4.28,6
"Woods Resort, Gurgaon",3.2,1
"World Trade Center Mall, Al Markaziya",4.45,2
"Worldmark 1, Aerocity",1.15,14
"Worldmark 3, Aerocity",0.0,1
Wynyard Quarter,4.6,1
YN Road,4.0,1
"Yas Mall, Yas Island",4.6,1
Ybor City,4.4,1
Yorkton,3.3,1
Yusuf Sarai,1.97,25
Y۱ld۱zevler,4.7,1
"Z Square Mall, Mall Road",4.0,1
Zakir Nagar,0.0,14
Zoo Tiniali,4.22,4
"ibis New Delhi, Aerocity",1.55,2
�ayyolu,4.3,1
�guas Claras,3.67,3
�ukurambar,3.4,1
��mitk�_y,4.2,1
